time,high,low,open,volumefrom,volumeto,close,conversionType,conversionSymbol
2022-05-12,2180.84,1713.99,2077.83,1433452.88,2753038207.64,1952.81,direct,
2022-05-13,2143.61,1936.1,1952.81,601021.71,1245554884.57,2006.51,direct,
2022-05-14,2066.02,1947.83,2006.51,210414.85,423017629.17,2054.03,direct,
2022-05-15,2160.61,1998.56,2054.03,180949.41,376701151.43,2143.12,direct,
2022-05-16,2143.2,1977.84,2143.12,339798.7,690038743.39,2020.12,direct,
2022-05-17,2119.84,2006.05,2020.12,289699.47,598230196.42,2089.29,direct,
2022-05-18,2108.35,1906.04,2089.29,323098.77,643148242.33,1911.68,direct,
2022-05-19,2038.92,1900.91,1911.68,365441.42,721565109.35,2017.78,direct,
2022-05-20,2061.81,1920.61,2017.78,340775.86,676297509.57,1956.88,direct,
2022-05-21,1987.79,1935.87,1956.88,102551.58,201843693.55,1972.87,direct,
2022-05-22,2053.49,1963.85,1972.87,143473.07,288595387.01,2041.08,direct,
2022-05-23,2086.6,1955.11,2041.08,307951.66,626635609.39,1970.7,direct,
2022-05-24,1991.09,1910.52,1970.7,260037.59,509629757.6,1977.85,direct,
2022-05-25,2019.8,1933.25,1977.85,257776.28,507595031.4,1941.04,direct,
2022-05-26,1963.52,1741.21,1941.04,559135.38,1030348371.06,1791.0,direct,
2022-05-27,1820.36,1706.95,1791.0,620989.67,1091437639.61,1724.73,direct,
2022-05-28,1807.77,1720.57,1724.73,226406.61,400672092.43,1790.79,direct,
2022-05-29,1824.64,1763.04,1790.79,202099.73,362774322.58,1811.69,direct,
2022-05-30,2011.23,1802.61,1811.69,432299.24,828850274.82,1997.64,direct,
2022-05-31,2015.05,1925.15,1997.64,407934.29,802528394.95,1940.59,direct,
2022-06-01,1971.79,1764.1,1940.59,542015.89,1020482594.24,1817.42,direct,
2022-06-02,1851.73,1782.17,1817.42,342166.6,622173440.24,1833.26,direct,
2022-06-03,1842.2,1737.3,1833.26,321034.9,569666491.39,1773.59,direct,
2022-06-04,1814.31,1747.45,1773.59,127178.95,225646408.54,1803.65,direct,
2022-06-05,1828.49,1771.7,1803.65,115340.19,208010346.16,1804.7,direct,
2022-06-06,1918.1,1803.59,1804.7,320038.54,600246125.39,1858.56,direct,
2022-06-07,1872.07,1725.54,1858.56,395559.39,705364504.92,1812.7,direct,
2022-06-08,1836.67,1765.24,1812.7,282107.16,508526918.8,1791.03,direct,
2022-06-09,1831.74,1776.37,1791.03,198843.86,357443811.84,1787.71,direct,
2022-06-10,1802.8,1654.64,1787.71,400457.64,687937104.94,1661.1,direct,
2022-06-11,1680.39,1500.36,1661.1,543851.96,854773704.94,1530.28,direct,
2022-06-12,1544.55,1426.49,1530.28,559551.89,825779676.24,1434.02,direct,
2022-06-13,1452.8,1165.61,1434.02,1803174.44,2275582645.63,1209.12,direct,
2022-06-14,1264.08,1075.44,1209.12,1280076.52,1519007309.93,1206.94,direct,
2022-06-15,1244.06,1014.07,1206.94,1512263.27,1698606699.32,1236.89,direct,
2022-06-16,1255.9,1050.94,1236.89,713850.77,807377734.26,1067.1,direct,
2022-06-17,1116.32,1050.3,1067.1,538871.48,585011689.72,1085.21,direct,
2022-06-18,1096.22,883.48,1085.21,1111012.52,1080808875.04,994.41,direct,
2022-06-19,1155.62,934.96,994.41,746709.49,776365310.03,1127.03,direct,
2022-06-20,1166.85,1051.76,1127.03,556967.99,617555699.32,1126.99,direct,
2022-06-21,1191.51,1108.44,1126.99,539382.54,619164299.73,1124.71,direct,
2022-06-22,1125.84,1043.02,1124.71,477305.52,517637610.39,1048.3,direct,
2022-06-23,1152.53,1044.07,1048.3,451739.61,500226767.62,1143.46,direct,
2022-06-24,1244.33,1131.25,1143.46,522965.49,622847139.93,1224.12,direct,
2022-06-25,1254.84,1179.17,1224.12,286628.31,348238056.74,1241.0,direct,
2022-06-26,1279.04,1194.9,1241.0,373624.98,459617043.48,1198.25,direct,
2022-06-27,1237.14,1174.01,1198.25,340090.32,409609422.41,1190.73,direct,
2022-06-28,1235.14,1135.32,1190.73,434590.25,516154549.5,1142.41,direct,
2022-06-29,1154.69,1086.31,1142.41,490935.48,547508525.24,1098.71,direct,
2022-06-30,1105.36,999.01,1098.71,635674.34,661034598.9,1069.53,direct,
2022-07-01,1108.86,1032.22,1069.53,577588.04,616888042.78,1058.01,direct,
2022-07-02,1077.18,1027.1,1058.01,233775.72,246197859.38,1065.69,direct,
2022-07-03,1085.63,1040.16,1065.69,206730.11,219767134.55,1072.95,direct,
2022-07-04,1159.39,1043.99,1072.95,373498.06,411008690.04,1149.81,direct,
2022-07-05,1170.54,1076.57,1149.81,487060.5,550223702.36,1131.96,direct,
2022-07-06,1202.1,1110.65,1131.96,472536.52,541697031.18,1185.41,direct,
2022-07-07,1253.43,1162.49,1185.41,522268.59,632226158.71,1236.64,direct,
2022-07-08,1274.65,1192.55,1236.64,556563.92,685525454.8,1214.0,direct,
2022-07-09,1232.47,1204.27,1214.0,147772.74,179916720.56,1216.53,direct,
2022-07-10,1219.06,1153.51,1216.53,193505.18,228056926.22,1167.31,direct,
2022-07-11,1170.23,1085.3,1167.31,373157.79,422804562.19,1095.67,direct,
2022-07-12,1097.18,1032.47,1095.67,514019.84,548112670.68,1037.37,direct,
2022-07-13,1117.22,1009.82,1037.37,769754.95,813163899.62,1114.57,direct,
2022-07-14,1211.87,1072.08,1114.57,559535.57,635957495.14,1192.56,direct,
2022-07-15,1286.06,1180.38,1192.56,704281.05,864043258.51,1231.23,direct,
2022-07-16,1400.05,1191.62,1231.23,518063.79,673738020.94,1356.31,direct,
2022-07-17,1385.31,1320.65,1356.31,453213.77,613273362.46,1337.97,direct,
2022-07-18,1593.79,1335.77,1337.97,1027888.25,1515087201.75,1583.55,direct,
2022-07-19,1625.03,1493.29,1583.55,875023.54,1354213074.71,1543.12,direct,
2022-07-20,1620.73,1487.09,1543.12,655879.23,1024542971.16,1521.72,direct,
2022-07-21,1605.45,1465.28,1521.72,556587.83,847550503.86,1575.68,direct,
2022-07-22,1645.63,1517.35,1575.68,528752.83,840140414.82,1535.71,direct,
2022-07-23,1596.62,1489.25,1535.71,290504.24,446044212.66,1549.19,direct,
2022-07-24,1663.54,1547.28,1549.19,325192.76,520874215.21,1597.72,direct,
2022-07-25,1609.22,1436.41,1597.72,544663.57,825050213.7,1438.01,direct,
2022-07-26,1454.25,1357.04,1438.01,479756.97,672687209.31,1449.61,direct,
2022-07-27,1644.64,1421.1,1449.61,673500.22,1027698858.37,1636.88,direct,
2022-07-28,1787.55,1594.83,1636.88,807586.53,1357299240.21,1725.82,direct,
2022-07-29,1765.97,1657.01,1725.82,559704.54,957967061.54,1722.28,direct,
2022-07-30,1744.59,1674.67,1722.28,331717.7,567955261.28,1697.52,direct,
2022-07-31,1751.92,1668.02,1697.52,248682.73,424322605.22,1679.55,direct,
2022-08-01,1704.81,1607.21,1679.55,379375.89,627822477.99,1630.62,direct,
2022-08-02,1677.78,1561.58,1630.62,446049.98,720425386.6,1631.11,direct,
2022-08-03,1683.19,1590.67,1631.11,462564.12,761209687.44,1618.68,direct,
2022-08-04,1663.09,1580.86,1618.68,457785.75,741257669.99,1607.96,direct,
2022-08-05,1740.57,1605.96,1607.96,671916.35,1128383162.41,1736.78,direct,
2022-08-06,1749.5,1687.21,1736.78,384066.13,660571163.49,1690.67,direct,
2022-08-07,1729.12,1669.23,1690.67,263873.55,447819960.84,1700.54,direct,
2022-08-08,1816.57,1693.75,1700.54,554955.47,981265580.22,1777.99,direct,
2022-08-09,1790.92,1669.6,1777.99,523158.46,898080190.62,1703.41,direct,
2022-08-10,1885.46,1657.4,1703.41,757563.54,1352776291.18,1854.05,direct,
2022-08-11,1941.32,1851.21,1854.05,707974.68,1341570228.57,1881.06,direct,
2022-08-12,1966.09,1854.29,1881.06,433649.57,824715568.77,1959.26,direct,
2022-08-13,2020.32,1947.46,1959.26,403298.25,800730150.33,1984.29,direct,
2022-08-14,2030.19,1907.04,1984.29,372768.51,734838036.93,1936.02,direct,
2022-08-15,2012.94,1869.02,1936.02,672460.01,1291080609.46,1899.64,direct,
2022-08-16,1915.11,1853.68,1899.64,498202.68,938206003.68,1877.16,direct,
2022-08-17,1957.07,1817.73,1877.16,678299.81,1267374734.89,1834.04,direct,
2022-08-18,1882.41,1821.45,1834.04,399086.53,742010328.68,1846.36,direct,
2022-08-19,1847.92,1603.31,1846.36,1076675.38,1847934898.07,1609.05,direct,
2022-08-20,1656.86,1524.51,1609.05,678602.59,1089158535.71,1575.73,direct,
2022-08-21,1645.6,1562.97,1575.73,566027.26,910431597.18,1617.86,direct,
2022-08-22,1628.88,1529.73,1617.86,751031.05,1182900442.15,1624.65,direct,
2022-08-23,1672.46,1563.84,1624.65,652829.75,1062895745.35,1664.76,direct,
2022-08-24,1694.44,1605.04,1664.76,666453.38,1100702910.25,1656.52,direct,
2022-08-25,1722.01,1653.92,1656.52,451003.41,765141174.18,1695.85,direct,
2022-08-26,1704.96,1487.79,1695.85,933483.42,1511768507.05,1508.09,direct,
2022-08-27,1518.79,1448.62,1508.09,556305.82,828407067.63,1491.26,direct,
2022-08-28,1510.14,1424.21,1491.26,427103.56,630935011.23,1426.4,direct,
2022-08-29,1560.09,1422.09,1426.4,705103.15,1049519720.22,1552.4,direct,
2022-08-30,1605.77,1474.69,1552.4,787770.35,1220810502.07,1524.62,direct,
2022-08-31,1619.18,1524.26,1524.62,702491.17,1107751190.46,1554.16,direct,
2022-09-01,1598.99,1513.23,1554.16,483838.85,752412872.72,1585.98,direct,
2022-09-02,1649.27,1546.9,1585.98,513335.77,822062063.91,1575.91,direct,
2022-09-03,1582.39,1534.93,1575.91,204598.22,318389181.65,1557.54,direct,
2022-09-04,1582.8,1540.9,1557.54,160890.57,251366855.06,1579.06,direct,
2022-09-05,1629.13,1557.45,1579.06,304058.96,481845237.91,1617.5,direct,
2022-09-06,1686.59,1555.91,1617.5,721351.33,1178593645.43,1558.9,direct,
2022-09-07,1656.66,1490.73,1558.9,572081.28,890171683.95,1630.0,direct,
2022-09-08,1662.69,1596.45,1630.0,563506.92,917720046.07,1635.6,direct,
2022-09-09,1744.19,1631.06,1635.6,588913.83,1004002586.51,1719.35,direct,
2022-09-10,1789.58,1707.49,1719.35,254960.92,442617943.59,1774.69,direct,
2022-09-11,1789.21,1722.54,1774.69,240612.96,424086159.35,1767.02,direct,
2022-09-12,1783.07,1693.36,1767.02,397149.42,688261837.42,1716.53,direct,
2022-09-13,1755.79,1561.88,1716.53,721373.86,1186666903.31,1574.56,direct,
2022-09-14,1648.36,1555.15,1574.56,474733.66,759203960.6,1639.6,direct,
2022-09-15,1654.2,1459.21,1639.6,826190.99,1283200244.31,1472.51,direct,
2022-09-16,1483.2,1408.46,1472.51,608687.84,881484582.21,1433.97,direct,
2022-09-17,1476.0,1409.4,1433.97,295736.98,427781777.37,1469.05,direct,
2022-09-18,1470.03,1326.3,1469.05,479255.34,664603372.25,1334.3,direct,
2022-09-19,1392.37,1281.71,1334.3,617396.44,820923081.03,1376.21,direct,
2022-09-20,1384.51,1313.06,1376.21,841078.07,1134751018.14,1323.07,direct,
2022-09-21,1399.59,1220.78,1323.07,1627469.27,2158795290.82,1246.29,direct,
2022-09-22,1342.74,1237.45,1246.29,1372333.24,1764192693.49,1326.15,direct,
2022-09-23,1358.83,1262.97,1326.15,1353509.71,1770416488.71,1326.95,direct,
2022-09-24,1349.09,1306.83,1326.95,518264.02,688754375.79,1317.11,direct,
2022-09-25,1336.88,1270.94,1317.11,567913.58,741280751.13,1294.72,direct,
2022-09-26,1340.64,1279.55,1294.72,1311049.98,1719754734.68,1336.65,direct,
2022-09-27,1400.42,1304.41,1336.65,1130128.11,1537712811.95,1328.11,direct,
2022-09-28,1354.97,1258.23,1328.11,1411308.4,1843309322.44,1337.15,direct,
2022-09-29,1351.6,1288.59,1337.15,1014932.37,1346135197.35,1335.9,direct,
2022-09-30,1372.44,1316.72,1335.9,1164820.52,1559138076.19,1328.7,direct,
2022-10-01,1333.85,1303.19,1328.7,273983.82,361595127.37,1311.8,direct,
2022-10-02,1317.65,1272.05,1311.8,411466.97,533576502.55,1276.69,direct,
2022-10-03,1329.8,1265.42,1276.69,817660.89,1066475762.56,1323.32,direct,
2022-10-04,1370.09,1319.02,1323.32,713943.35,962114984.8,1361.9,direct,
2022-10-05,1364.69,1316.75,1361.9,667604.6,897717802.0,1352.44,direct,
2022-10-06,1384.03,1346.79,1352.44,979637.13,1337183654.48,1352.4,direct,
2022-10-07,1361.52,1317.95,1352.4,631810.29,847055907.94,1331.14,direct,
2022-10-08,1337.38,1303.92,1331.14,193854.73,256701832.62,1315.47,direct,
2022-10-09,1328.86,1307.58,1315.47,204851.91,270217040.65,1323.41,direct,
2022-10-10,1338.13,1289.77,1323.41,538968.88,706276755.9,1290.04,direct,
2022-10-11,1297.84,1268.05,1290.04,698727.95,895785523.92,1279.79,direct,
2022-10-12,1306.21,1275.03,1279.79,509091.81,659072834.99,1294.29,direct,
2022-10-13,1300.93,1199.77,1294.29,1242884.05,1553294534.83,1287.51,direct,
2022-10-14,1343.39,1283.82,1287.51,985870.85,1300245316.03,1296.63,direct,
2022-10-15,1301.81,1264.0,1296.63,298151.13,383099353.48,1274.91,direct,
2022-10-16,1315.33,1274.68,1274.91,335309.9,433760169.98,1305.87,direct,
2022-10-17,1338.64,1295.86,1305.87,567289.21,748550276.7,1331.52,direct,
2022-10-18,1341.38,1287.13,1331.52,710601.48,936900282.81,1310.78,direct,
2022-10-19,1313.67,1280.17,1310.78,544229.57,706514928.62,1284.85,direct,
2022-10-20,1310.72,1271.7,1284.85,624309.59,805186791.44,1282.68,direct,
2022-10-21,1307.1,1254.6,1282.68,636332.09,817282417.74,1299.88,direct,
2022-10-22,1319.61,1294.4,1299.88,208560.33,272863413.86,1313.91,direct,
2022-10-23,1370.8,1300.09,1313.91,421356.89,561742750.96,1364.2,direct,
2022-10-24,1370.45,1324.47,1364.2,721346.34,969857919.89,1343.83,direct,
2022-10-25,1524.13,1335.31,1343.83,1642318.42,2350835728.61,1460.37,direct,
2022-10-26,1595.06,1457.91,1460.37,1835153.39,2821129189.15,1566.85,direct,
2022-10-27,1578.12,1505.22,1566.85,1408936.86,2182940242.05,1514.35,direct,
2022-10-28,1574.67,1484.12,1514.35,1115356.45,1703276756.19,1555.12,direct,
2022-10-29,1663.64,1548.24,1555.12,921088.69,1488331267.57,1620.42,direct,
2022-10-30,1640.31,1577.18,1620.42,556544.13,891449874.51,1590.93,direct,
2022-10-31,1635.53,1547.97,1590.93,1020683.99,1615108402.06,1572.88,direct,
2022-11-01,1611.88,1563.39,1572.88,700521.98,1109585843.08,1578.51,direct,
2022-11-02,1620.26,1502.4,1578.51,1303264.24,2037801666.52,1518.33,direct,
2022-11-03,1558.59,1515.32,1518.33,748066.97,1152727124.17,1530.87,direct,
2022-11-04,1671.48,1528.31,1530.87,1195605.21,1925861769.02,1645.06,direct,
2022-11-05,1665.9,1621.64,1645.06,372275.57,611265136.47,1627.42,direct,
2022-11-06,1638.76,1565.49,1627.42,456328.92,735107790.65,1568.75,direct,
2022-11-07,1608.74,1546.59,1568.75,873269.35,1378127340.69,1568.45,direct,
2022-11-08,1579.41,1250.63,1568.45,2888023.55,4107836408.23,1334.22,direct,
2022-11-09,1337.05,1081.28,1334.22,2781427.49,3360130314.53,1104.17,direct,
2022-11-10,1347.76,1090.05,1104.17,1434018.02,1773564733.66,1296.01,direct,
2022-11-11,1306.47,1200.46,1296.01,1116988.68,1409146347.24,1285.23,direct,
2022-11-12,1289.04,1236.27,1285.23,338208.86,427130657.25,1254.95,direct,
2022-11-13,1272.09,1200.31,1254.95,348001.46,429569400.6,1219.85,direct,
2022-11-14,1288.74,1170.9,1219.85,697240.74,855858844.55,1241.39,direct,
2022-11-15,1288.55,1232.81,1241.39,575085.3,723628030.12,1252.0,direct,
2022-11-16,1266.73,1185.82,1252.0,607212.63,742289325.22,1215.24,direct,
2022-11-17,1227.03,1181.92,1215.24,472447.65,568626212.85,1199.45,direct,
2022-11-18,1231.6,1198.2,1199.45,363748.92,441193528.12,1210.98,direct,
2022-11-19,1231.29,1196.77,1210.98,190518.55,230572688.07,1216.52,direct,
2022-11-20,1225.0,1130.87,1216.52,419202.77,491708817.05,1140.47,direct,
2022-11-21,1144.37,1079.94,1140.47,888334.79,990700383.48,1105.99,direct,
2022-11-22,1140.64,1074.4,1105.99,742768.38,824490701.43,1137.75,direct,
2022-11-23,1189.1,1126.34,1137.75,645984.08,750643596.67,1183.69,direct,
2022-11-24,1215.66,1179.27,1183.69,456499.85,547060532.6,1202.96,direct,
2022-11-25,1205.7,1170.43,1202.96,333765.53,396616881.99,1198.4,direct,
2022-11-26,1233.38,1196.04,1198.4,270909.36,329190686.13,1204.94,direct,
2022-11-27,1222.51,1188.99,1204.94,220645.91,267300240.57,1193.2,direct,
2022-11-28,1198.53,1150.42,1193.2,450296.42,526904922.21,1167.3,direct,
2022-11-29,1225.87,1157.85,1167.3,476198.98,573752908.47,1215.7,direct,
2022-11-30,1309.06,1212.49,1215.7,701187.69,893091016.94,1294.92,direct,
2022-12-01,1299.63,1263.39,1294.92,434534.77,556451968.76,1276.36,direct,
2022-12-02,1297.11,1265.67,1276.36,418461.79,536043267.27,1295.61,direct,
2022-12-03,1307.27,1236.97,1295.61,312767.84,397801316.77,1241.13,direct,
2022-12-04,1286.38,1240.5,1241.13,246761.98,312004682.21,1279.89,direct,
2022-12-05,1305.5,1247.32,1279.89,460629.87,588911337.44,1259.37,direct,
2022-12-06,1274.29,1242.46,1259.37,394034.08,495067956.08,1271.38,direct,
2022-12-07,1276.71,1217.1,1271.38,404153.25,500133032.01,1231.35,direct,
2022-12-08,1291.22,1222.42,1231.35,476605.2,596851329.1,1280.28,direct,
2022-12-09,1295.62,1256.15,1280.28,411785.24,525600440.57,1262.95,direct,
2022-12-10,1282.69,1260.13,1262.95,203657.61,258333254.5,1266.34,direct,
2022-12-11,1283.59,1257.77,1266.34,226937.44,288391972.72,1263.27,direct,
2022-12-12,1278.74,1240.78,1263.27,425640.9,534501434.1,1275.37,direct,
2022-12-13,1346.51,1256.36,1275.37,602423.88,786269925.3,1320.43,direct,
2022-12-14,1350.33,1302.52,1320.43,701164.65,926900276.47,1307.5,direct,
2022-12-15,1311.34,1260.13,1307.5,599551.83,768136956.69,1266.59,direct,
2022-12-16,1279.37,1158.18,1266.59,878354.77,1065048194.1,1167.85,direct,
2022-12-17,1189.53,1162.32,1167.85,383067.08,451167227.98,1187.11,direct,
2022-12-18,1196.43,1172.99,1187.11,271189.77,321056937.95,1183.19,direct,
2022-12-19,1194.49,1152.43,1183.19,497188.38,585378897.99,1167.68,direct,
2022-12-20,1228.37,1163.29,1167.68,609536.88,735691592.34,1216.96,direct,
2022-12-21,1220.46,1204.4,1216.96,427885.37,518496302.18,1213.84,direct,
2022-12-22,1230.41,1183.8,1213.84,528262.6,637447979.92,1217.51,direct,
2022-12-23,1228.48,1213.65,1217.51,470222.71,573753835.68,1219.97,direct,
2022-12-24,1226.23,1214.24,1219.97,207378.91,252819741.33,1220.49,direct,
2022-12-25,1223.72,1199.6,1220.49,328092.18,397681859.87,1218.3,direct,
2022-12-26,1229.65,1212.89,1218.3,247202.68,301306741.79,1227.3,direct,
2022-12-27,1232.63,1202.88,1227.3,390793.16,474996198.27,1211.07,direct,
2022-12-28,1214.55,1182.48,1211.07,498553.01,596230640.27,1189.27,direct,
2022-12-29,1205.31,1186.42,1189.27,366192.7,438196328.2,1200.06,direct,
2022-12-30,1201.51,1182.25,1200.06,346823.33,413969580.77,1199.12,direct,
2022-12-31,1207.02,1191.63,1199.12,222004.25,266114942.31,1195.0,direct,
2023-01-01,1204.09,1190.52,1195.0,177271.0,212091101.2,1200.1,direct,
2023-01-02,1222.25,1192.5,1200.1,327216.37,396971135.51,1213.98,direct,
2023-01-03,1219.35,1205.08,1213.98,323873.94,392700511.47,1214.11,direct,
2023-01-04,1267.02,1212.42,1214.11,660554.73,825157843.82,1256.42,direct,
2023-01-05,1259.03,1242.51,1256.42,395462.48,494598797.89,1250.73,direct,
2023-01-06,1275.0,1236.5,1250.73,531468.47,667398617.34,1268.71,direct,
2023-01-07,1270.34,1261.21,1268.71,183266.85,231711574.14,1263.86,direct,
2023-01-08,1292.01,1258.59,1263.86,308927.99,392241837.02,1288.62,direct,
2023-01-09,1344.17,1285.01,1288.62,775693.69,1022290294.83,1320.11,direct,
2023-01-10,1346.45,1316.81,1320.11,512653.94,682508755.42,1335.42,direct,
2023-01-11,1393.42,1320.84,1335.42,558764.18,750208058.14,1388.95,direct,
2023-01-12,1436.9,1367.5,1388.95,836206.52,1173416087.03,1416.05,direct,
2023-01-13,1464.27,1401.0,1416.05,582315.27,827418332.41,1451.18,direct,
2023-01-14,1600.82,1449.52,1451.18,651867.35,1000747558.84,1550.07,direct,
2023-01-15,1566.18,1516.95,1550.07,393482.3,605354595.73,1552.71,direct,
2023-01-16,1601.54,1522.89,1552.71,546773.59,854808666.21,1577.02,direct,
2023-01-17,1606.64,1542.73,1577.02,445523.36,701015677.04,1565.15,direct,
2023-01-18,1610.01,1502.35,1565.15,761780.77,1186461141.36,1512.28,direct,
2023-01-19,1562.61,1509.86,1512.28,489405.87,750596721.84,1551.2,direct,
2023-01-20,1662.05,1542.76,1551.2,661985.34,1052523938.77,1659.02,direct,
2023-01-21,1678.11,1622.68,1659.02,551440.33,911165415.27,1626.68,direct,
2023-01-22,1661.85,1608.38,1626.68,482545.84,787251000.78,1627.79,direct,
2023-01-23,1646.52,1592.78,1627.79,536187.38,872732022.61,1626.47,direct,
2023-01-24,1641.25,1537.38,1626.47,567029.94,911498894.01,1556.12,direct,
2023-01-25,1638.48,1519.26,1556.12,724158.23,1132268819.24,1610.94,direct,
2023-01-26,1632.15,1579.46,1610.94,491078.21,789028231.13,1601.35,direct,
2023-01-27,1621.71,1553.36,1601.35,493189.56,781935987.02,1597.86,direct,
2023-01-28,1606.66,1558.63,1597.86,275543.16,436021436.43,1572.46,direct,
2023-01-29,1658.36,1566.99,1572.46,502089.89,812096302.45,1645.46,direct,
2023-01-30,1647.19,1539.51,1645.46,577546.2,917935732.64,1566.49,direct,
2023-01-31,1603.98,1561.82,1566.49,436991.03,690489010.7,1585.47,direct,
2023-02-01,1647.46,1558.29,1585.47,499248.21,797147606.94,1641.61,direct,
2023-02-02,1711.99,1630.57,1641.61,585655.08,980080354.31,1642.74,direct,
2023-02-03,1675.35,1628.58,1642.74,426503.46,704445423.97,1663.97,direct,
2023-02-04,1694.8,1646.23,1663.97,247213.27,412803098.7,1666.89,direct,
2023-02-05,1673.2,1611.8,1666.89,277758.07,456219066.62,1629.8,direct,
2023-02-06,1657.56,1607.64,1629.8,303435.45,495673231.02,1614.31,direct,
2023-02-07,1677.31,1613.44,1614.31,387245.7,637931660.04,1671.61,direct,
2023-02-08,1697.58,1631.15,1671.61,388811.42,646763538.23,1650.95,direct,
2023-02-09,1655.68,1527.63,1650.95,542952.15,867896690.84,1545.78,direct,
2023-02-10,1554.37,1496.52,1545.78,493802.96,756041189.81,1513.79,direct,
2023-02-11,1542.93,1508.54,1513.79,171058.2,260403379.72,1538.79,direct,
2023-02-12,1547.62,1495.57,1538.79,228435.36,349138047.41,1515.42,direct,
2023-02-13,1525.82,1464.59,1515.42,536302.59,800954432.79,1506.37,direct,
2023-02-14,1567.02,1494.06,1506.37,449350.95,687412621.55,1556.14,direct,
2023-02-15,1678.37,1543.35,1556.14,479383.43,772032249.88,1675.34,direct,
2023-02-16,1741.06,1634.58,1675.34,609138.06,1030465375.37,1638.41,direct,
2023-02-17,1721.57,1632.29,1638.41,449742.27,754132750.16,1694.3,direct,
2023-02-18,1710.86,1681.41,1694.3,181450.94,307506654.43,1691.98,direct,
2023-02-19,1725.04,1668.29,1691.98,299100.82,507142415.32,1681.25,direct,
2023-02-20,1719.4,1652.65,1681.25,299670.15,508356423.43,1703.53,direct,
2023-02-21,1716.4,1637.57,1703.53,393619.14,659946431.8,1659.64,direct,
2023-02-22,1665.93,1598.66,1659.64,519119.41,846194678.13,1643.28,direct,
2023-02-23,1678.49,1630.04,1643.28,422628.5,699286522.36,1650.59,direct,
2023-02-24,1664.27,1577.26,1650.59,493843.99,799273822.59,1607.86,direct,
2023-02-25,1608.73,1560.62,1607.86,222642.81,354192771.97,1594.76,direct,
2023-02-26,1648.88,1588.49,1594.76,229895.87,371839019.93,1641.47,direct,
2023-02-27,1664.42,1609.58,1641.47,365892.0,599201102.41,1633.45,direct,
2023-02-28,1647.24,1598.81,1633.45,280478.52,456485843.68,1604.71,direct,
2023-03-01,1669.0,1597.2,1604.71,351083.83,578179739.94,1665.59,direct,
2023-03-02,1677.38,1619.77,1665.59,336265.69,551927025.83,1647.77,direct,
2023-03-03,1648.9,1548.37,1647.77,455419.93,715836604.91,1569.61,direct,
2023-03-04,1577.08,1550.37,1569.61,112641.62,176475467.06,1566.92,direct,
2023-03-05,1587.46,1556.08,1566.92,176988.97,277871195.33,1564.75,direct,
2023-03-06,1582.34,1555.75,1564.75,246183.73,385747263.69,1565.91,direct,
2023-03-07,1582.88,1536.97,1565.91,344845.82,537679741.24,1561.63,direct,
2023-03-08,1570.15,1527.78,1561.63,343689.43,533803722.68,1532.6,direct,
2023-03-09,1545.34,1409.71,1532.6,573497.49,855796464.32,1437.65,direct,
2023-03-10,1438.2,1372.22,1437.65,833933.25,1175874332.49,1431.49,direct,
2023-03-11,1491.16,1417.78,1431.49,555267.83,809481849.2,1483.07,direct,
2023-03-12,1605.89,1460.07,1483.07,411778.83,628896505.51,1591.33,direct,
2023-03-13,1699.86,1571.05,1591.33,616690.37,1009582703.22,1681.01,direct,
2023-03-14,1783.34,1664.87,1681.01,688753.75,1185297782.17,1705.17,direct,
2023-03-15,1721.91,1615.53,1705.17,567381.86,946357462.39,1656.21,direct,
2023-03-16,1694.39,1638.35,1656.21,338710.86,563006840.25,1677.0,direct,
2023-03-17,1802.23,1666.0,1677.0,554269.89,961818992.47,1793.32,direct,
2023-03-18,1843.84,1753.25,1793.32,439833.57,793051388.14,1763.2,direct,
2023-03-19,1845.85,1762.62,1763.2,336614.23,607264809.62,1785.0,direct,
2023-03-20,1807.87,1729.07,1785.0,452201.95,799494603.33,1738.45,direct,
2023-03-21,1838.29,1724.38,1738.45,424932.74,761061989.02,1807.45,direct,
2023-03-22,1822.96,1717.19,1807.45,464597.07,826127727.45,1738.86,direct,
2023-03-23,1858.54,1733.86,1738.86,417373.61,749857794.99,1817.28,direct,
2023-03-24,1821.91,1728.85,1817.28,390968.48,692388082.29,1751.74,direct,
2023-03-25,1764.13,1715.84,1751.74,204691.08,357271103.53,1743.88,direct,
2023-03-26,1798.66,1741.34,1743.88,220037.43,389448245.46,1775.76,direct,
2023-03-27,1781.72,1688.56,1775.76,314790.83,545397092.89,1716.16,direct,
2023-03-28,1794.86,1703.06,1716.16,311844.14,544294327.38,1773.53,direct,
2023-03-29,1826.03,1773.32,1773.53,336014.87,605332954.59,1793.51,direct,
2023-03-30,1828.46,1764.84,1793.51,360783.42,646886411.85,1794.03,direct,
2023-03-31,1846.28,1781.63,1794.03,347679.36,631389802.21,1822.21,direct,
2023-04-01,1841.83,1811.11,1822.21,165134.71,301100633.35,1821.54,direct,
2023-04-02,1825.78,1774.44,1821.54,158638.9,286012910.07,1795.54,direct,
2023-04-03,1839.73,1764.78,1795.54,368332.85,663604964.51,1811.0,direct,
2023-04-04,1889.35,1803.18,1811.0,379324.52,703327498.69,1871.62,direct,
2023-04-05,1937.35,1865.39,1871.62,355296.51,677858151.04,1909.49,direct,
2023-04-06,1910.37,1855.02,1909.49,233931.69,439091408.11,1873.09,direct,
2023-04-07,1882.97,1844.16,1873.09,141806.78,263921571.84,1864.8,direct,
2023-04-08,1880.04,1848.68,1864.8,91822.2,171175963.89,1849.9,direct,
2023-04-09,1874.06,1827.85,1849.9,150710.07,278441777.69,1859.71,direct,
2023-04-10,1919.26,1847.92,1859.71,237347.24,446014670.29,1911.12,direct,
2023-04-11,1937.06,1883.75,1911.12,263611.05,504030459.8,1891.58,direct,
2023-04-12,1932.82,1856.13,1891.58,343635.37,652641790.0,1918.78,direct,
2023-04-13,2022.52,1901.41,1918.78,454470.0,900185811.88,2013.84,direct,
2023-04-14,2129.38,2011.42,2013.84,567751.61,1189296215.35,2101.61,direct,
2023-04-15,2112.59,2074.56,2101.61,188765.75,395920749.36,2092.42,direct,
2023-04-16,2138.72,2075.13,2092.42,208495.07,439430093.13,2120.19,direct,
2023-04-17,2120.96,2058.71,2120.19,264331.26,550856982.99,2075.87,direct,
2023-04-18,2124.06,2055.87,2075.87,243083.78,508702237.61,2104.28,direct,
2023-04-19,2105.48,1925.75,2104.28,436275.5,871335217.98,1936.48,direct,
2023-04-20,1982.26,1916.92,1936.48,335377.47,652855824.12,1943.17,direct,
2023-04-21,1956.0,1827.76,1943.17,400925.34,758708001.48,1849.16,direct,
2023-04-22,1888.45,1843.68,1849.16,130459.26,243145886.27,1874.46,direct,
2023-04-23,1882.07,1839.05,1874.46,161389.41,300202164.24,1862.42,direct,
2023-04-24,1888.97,1808.14,1862.42,309082.99,570418825.66,1842.51,direct,
2023-04-25,1877.92,1803.15,1842.51,269515.7,493852107.68,1866.48,direct,
2023-04-26,1964.56,1791.61,1866.48,475232.22,897796617.83,1866.8,direct,
2023-04-27,1939.03,1862.59,1866.8,412175.38,784236238.33,1909.41,direct,
2023-04-28,1924.61,1876.29,1909.41,222691.19,423090084.55,1892.75,direct,
2023-04-29,1918.58,1887.98,1892.75,88851.57,169047001.72,1909.22,direct,
2023-04-30,1939.31,1868.77,1909.22,165939.24,316756485.36,1870.13,direct,
2023-05-01,1887.16,1807.09,1870.13,268202.49,492872552.79,1831.54,direct,
2023-05-02,1882.03,1824.09,1831.54,198124.49,366870722.06,1871.77,direct,
2023-05-03,1916.58,1844.51,1871.77,233409.52,437601105.03,1905.9,direct,
2023-05-04,1916.41,1868.69,1905.9,166067.44,314145630.01,1878.56,direct,
2023-05-05,2000.05,1877.26,1878.56,346562.79,676182164.32,1996.34,direct,
2023-05-06,2018.91,1867.16,1996.34,257036.36,496216214.4,1901.99,direct,
2023-05-07,1939.12,1877.69,1901.99,164140.81,313672271.4,1879.53,direct,
2023-05-08,1893.1,1816.3,1879.53,343925.14,638772846.26,1853.92,direct,
2023-05-09,1862.94,1838.42,1853.92,182197.16,336685938.48,1849.03,direct,
2023-05-10,1888.01,1791.85,1849.03,313458.29,579403452.06,1842.72,direct,
2023-05-11,1842.82,1773.97,1842.72,240809.84,435094204.34,1795.53,direct,
2023-05-12,1816.26,1740.15,1795.53,257583.86,456638044.97,1804.46,direct,
